{
    "lr": 4.1373757783708706e-05,
    "batch_size": 256,
    "weight_decay": 1.0767455924044083e-06
}